headline,url,title
"‘The Attachment Diaries’ Review: Love, Sick",https://www.nytimes.com/2023/05/25/movies/the-attachment-diaries-review.html,The Attachment Diaries Review
Review: ‘What’s Love Got to Do With It?’ Probably a Lot,https://www.nytimes.com/2023/05/04/movies/whats-love-got-to-do-with-it-review.html,What Review
‘You Can Live Forever’ Review: Do You Love Me Now?,https://www.nytimes.com/2023/05/04/movies/you-can-live-forever-review.html,You Can Live Forever Review
‘A Tourist’s Guide to Love’ Review: A Wearyingly Familiar Trip,https://www.nytimes.com/2023/04/21/movies/a-tourists-guide-to-love-review.html,A Tourist Review
‘Other People’s Children’ Review: True Romance,https://www.nytimes.com/2023/04/20/movies/other-peoples-children-review.html,Other People Review
‘One True Loves’ Review: A Romance Lost at Sea,https://www.nytimes.com/2023/04/13/movies/one-true-loves-movie-review.html,One True Loves Review
‘The Lost Weekend: A Love Story’ Review: When John Lennon Strayed,https://www.nytimes.com/2023/04/13/movies/the-lost-weekend-a-love-story-review.html,The Lost Weekend: A Love Story Review
‘A Thousand and One’ Review: A New York Love Story,https://www.nytimes.com/2023/03/30/movies/a-thousand-and-one-review.html,A Thousand and One Review
‘Your Place or Mine’ Review: Try Neither,https://www.nytimes.com/2023/02/09/movies/your-place-or-mine-review.html,Your Place or Mine Review
"‘Love in the Time of Fentanyl’ Review: Heartbreak, Death and Hope in Vancouver",https://www.nytimes.com/2023/02/02/movies/love-in-the-time-of-fentanyl-review.html,Love in the Time of Fentanyl Review
"‘Pamela, a Love Story’ Review: A Frank Look Back",https://www.nytimes.com/2023/01/31/movies/pamela-a-love-story-review.html,"Pamela, a Love Story Review"
‘In From the Side’ Review: Love and Rugby Play a Losing Game,https://www.nytimes.com/2023/01/19/movies/in-from-the-side-review.html,In From the Side Review
‘After Love’ Review: The Other Woman,https://www.nytimes.com/2023/01/19/movies/after-love-review.html,After Love Review
‘Alcarràs’ Review: Labor of Love,https://www.nytimes.com/2023/01/05/movies/alcarras-review.html,Alcarràs Review
"‘Nelly & Nadine’ Review: An Unlikely Love, an Unlikely Record",https://www.nytimes.com/2022/12/15/movies/nelly-and-nadine-review.html,Nelly & Nadine Review
‘Lady Chatterley’s Lover’ Review: When Connie Met Ollie,https://www.nytimes.com/2022/12/01/movies/lady-chatterleys-lover-review.html,Lady Chatterley Review
‘The Sound of Christmas’ Review: A Gospel Singer Finds Love,https://www.nytimes.com/2022/11/23/movies/sound-of-christmas-review.html,The Sound of Christmas Review
"‘The Inspection’ Review: Boot Camp, a Love Story",https://www.nytimes.com/2022/11/17/movies/the-inspection-review-boot-camp-a-love-story.html,The Inspection Review
‘Bones and All’ Review: You Eat What You Are,https://www.nytimes.com/2022/11/17/movies/bones-and-all-review.html,Bones and All Review
"‘My Policeman’ Review: Two Love Affairs, Equally Tragic",https://www.nytimes.com/2022/10/20/movies/my-policeman-review.html,My Policeman Review
‘About Fate’ Review: Love the One You’re With?,https://www.nytimes.com/2022/09/08/movies/about-fate-review.html,About Fate Review
‘Waiting for Bojangles’ Review: Endless Love,https://www.nytimes.com/2022/09/01/movies/waiting-for-bojangles-review-endless-love.html,Waiting for Bojangles Review
‘I Love My Dad’ Review: A Father Catfishes His Son,https://www.nytimes.com/2022/08/04/movies/i-love-my-dad-review.html,I Love My Dad Review
‘A Love Song’ Review: When Moving Forward Means Looking Back,https://www.nytimes.com/2022/07/28/movies/a-love-song-review.html,A Love Song Review
‘Alone Together’ Review: Finding Love in a Pandemic Retreat,https://www.nytimes.com/2022/07/21/movies/alone-together-review.html,Alone Together Review
‘Art of Love’ Review: An Erotic Male Fantasy in Puerto Rico,https://www.nytimes.com/2022/07/21/movies/art-of-love-review.html,Art of Love Review
‘The Wheel’ Review: Songs of Love and Hate,https://www.nytimes.com/2022/07/21/movies/the-wheel-review.html,The Wheel Review
‘Thor: Love and Thunder’ Review: A God’s Comic Twilight,https://www.nytimes.com/2022/07/07/movies/thor-love-and-thunder-review.html,Thor: Love and Thunder Review
‘Both Sides of the Blade’ Review: Who Do You Love?,https://www.nytimes.com/2022/07/07/movies/both-sides-of-the-blade-review.html,Both Sides of the Blade Review
‘Fire of Love’ Review: A Volcanic Romance,https://www.nytimes.com/2022/07/06/movies/fire-of-love-review.html,Fire of Love Review
"‘Love & Gelato’ Review: A Young Girl, Transfigured by Italy",https://www.nytimes.com/2022/06/22/movies/love-gelato-review.html,Love & Gelato Review
‘Stay Prayed Up’ Review: Spreading the Gospel of Love,https://www.nytimes.com/2022/06/16/movies/stay-prayed-up-review.html,Stay Prayed Up Review
"‘Benediction’ Review: A Poet’s Life, in Love and War",https://www.nytimes.com/2022/06/02/movies/benediction-review.html,Benediction Review
‘Dinner in America’ Review: A Punk-Rock Love Story,https://www.nytimes.com/2022/05/26/movies/dinner-in-america-review.html,Dinner in America Review
‘In a New York Minute’ Review: Love or Freedom?,https://www.nytimes.com/2022/05/03/movies/in-a-new-york-minute-review.html,In a New York Minute Review
‘Anaïs in Love’ Review: Portrait of a Woman on the Run,https://www.nytimes.com/2022/04/28/movies/anais-in-love-review.html,Anaïs in Love Review
‘I Love America’ Review: The Gauche Rituals of Modern Romance,https://www.nytimes.com/2022/04/28/movies/i-love-america-review.html,I Love America Review
‘See You Then’ Review: The More Things Stay the Same,https://www.nytimes.com/2022/04/18/movies/see-you-then-review.html,See You Then Review
‘La Mami’ Review: Tough Love,https://www.nytimes.com/2022/04/07/movies/la-mami-review-tough-love.html,La Mami Review
‘Love After Love’ Review: Elegance Without a Center,https://www.nytimes.com/2022/03/17/movies/love-after-love-review.html,Love After Love Review
‘Deep Water’ Review: Love and Loathing in New Orleans,https://www.nytimes.com/2022/03/17/movies/deep-water-review.html,Deep Water Review
‘Lucy and Desi’ Review: Love in the Time of Television,https://www.nytimes.com/2022/03/03/movies/lucy-and-desi-review.html,Lucy and Desi Review
‘Cyrano’ Review: Who Wrote the Book of Love?,https://www.nytimes.com/2022/02/23/movies/cyrano-review.html,Cyrano Review
‘The In Between’ Review: Love Never Dies,https://www.nytimes.com/2022/02/11/movies/the-in-between-review.html,The In Between Review
‘Book of Love’ Review: Lust (Eventually) in Translation,https://www.nytimes.com/2022/02/04/movies/book-of-love-review.html,Book of Love Review
"‘Lingui, the Sacred Bonds’ Review: Love, Ferocious and Limitless",https://www.nytimes.com/2022/02/03/movies/lingui-the-sacred-bonds-review.html,"Lingui, the Sacred Bonds Review"
‘The Pink Cloud’ Review: Love in Lockdown,https://www.nytimes.com/2022/01/13/movies/the-pink-cloud-review.html,The Pink Cloud Review
‘A Journal for Jordan’ Review: Reflections on Love Built and Lost,https://www.nytimes.com/2021/12/23/movies/a-journal-for-jordan-review.html,A Journal for Jordan Review
"‘West Side Story’ Review: In Love and War, 1957 Might Be Tonight",https://www.nytimes.com/2021/12/08/movies/west-side-story-review.html,West Side Story Review
"‘Aulcie’ Review: Love and Basketball, in Israel",https://www.nytimes.com/2021/11/16/movies/aulcie-review.html,Aulcie Review
‘Love Is Love Is Love’ Review: Aging Too Gracefully,https://www.nytimes.com/2021/11/11/movies/love-is-love-is-love-review.html,Love Is Love Is Love Review
"‘Love Hard’ Review: Seeking Connection, Not Perfection",https://www.nytimes.com/2021/11/05/movies/love-hard-review.html,Love Hard Review
‘Bergman Island’ Review: Love Among the Cinephiles,https://www.nytimes.com/2021/10/14/movies/bergman-island-review.html,Bergman Island Review
‘Hard Luck Love Song’ Review: A Glossy Take on a Gritty Tune,https://www.nytimes.com/2021/10/14/movies/hard-luck-love-song-review.html,Hard Luck Love Song Review
‘South of Heaven’ Review: Anything for Love,https://www.nytimes.com/2021/10/07/movies/south-of-heaven-review.html,South of Heaven Review
‘Wife of a Spy’ Review: Trust or Fear in Love and War?,https://www.nytimes.com/2021/09/16/movies/wife-of-a-spy-review-trust-or-fear-in-love-and-war.html,Wife of a Spy Review
‘Happier Than Ever’ Review: Modern Pop Meets Classic Hollywood,https://www.nytimes.com/2021/09/02/movies/happier-than-ever-review.html,Happier Than Ever Review
‘Together’ Review: Love and Loathing in London,https://www.nytimes.com/2021/08/26/movies/together-review.html,Together Review
‘Annette’ Review: Love Hurts,https://www.nytimes.com/2021/08/05/movies/annette-review.html,Annette Review
‘Resort to Love’ Review: A Struggling Singer in Paradise,https://www.nytimes.com/2021/07/29/movies/resort-to-love-review.html,Resort to Love Review
"‘Woodstock 99: Peace, Love and Rage’ Review: How a Festival Went Wrong",https://www.nytimes.com/2021/07/23/movies/woodstock-99-peace-love-and-rage-review.html,"Woodstock 99: Peace, Love and Rage Review"
"‘Casanova, Last Love’ Review: Reappraising a Philanderer",https://www.nytimes.com/2021/07/14/movies/casanova-last-love-review-reappraising-a-philanderer.html,"Casanova, Last Love Review"
‘Running Against the Wind’ Review: Love and Friendship in Addis Ababa,https://www.nytimes.com/2021/07/08/movies/running-against-the-wind-review.html,Running Against the Wind Review
‘Asia’ Review: Tough Love and an Indecent Proposal,https://www.nytimes.com/2021/06/10/movies/asia-review.html,Asia Review
‘Undine’ Review: Love In and Out of the Water,https://www.nytimes.com/2021/06/03/movies/undine-review.html,Undine Review
‘This Town’ Review: Love and Rifles,https://www.nytimes.com/2021/05/20/movies/this-town-review.html,This Town Review
‘Tu Me Manques’ Review: Traces of a Lost Love,https://www.nytimes.com/2021/04/22/movies/tu-me-manques-review.html,Tu Me Manques Review
‘Monday’ Review: A Year of Love and Its Hangovers,https://www.nytimes.com/2021/04/15/movies/monday-review.html,Monday Review
‘Ride or Die’ Review: Killing for Love,https://www.nytimes.com/2021/04/15/movies/ride-or-die-review.html,Ride or Die Review
"‘Future People’ Review: Connected by Biology, Bonded by Love",https://www.nytimes.com/2021/04/09/movies/future-people-review.html,Future People Review
‘Luz’ Review: Love In and Out of Lockup,https://www.nytimes.com/2021/03/18/movies/luz-review.html,Luz Review
‘Happily’ Review: Does Long-Lived Love Mean You Need Treatment?,https://www.nytimes.com/2021/03/18/movies/happily-review.html,Happily Review
‘This Is the Life’ Review: A Valuable Part of Hip-Hop History,https://www.nytimes.com/2021/02/23/movies/this-is-the-life-review.html,This Is the Life Review
‘To All the Boys: Always and Forever’ Review: Love Sweet Love,https://www.nytimes.com/2021/02/11/movies/to-all-the-boys-always-and-forever-review.html,To All the Boys: Always and Forever Review
‘Young Hearts’ Review: Movie Love by Algorithm,https://www.nytimes.com/2021/02/11/movies/young-hearts-review.html,Young Hearts Review
‘Little Fish’ Review: Do You Remember Love?,https://www.nytimes.com/2021/02/04/movies/little-fish-review.html,Little Fish Review
‘Two of Us’ Review: Thwarted Love,https://www.nytimes.com/2021/02/04/movies/two-of-us-review-thwarted-love.html,Two of Us Review
‘Atlantis’ Review: A Bleak Apocalypse Love Story,https://www.nytimes.com/2021/01/21/movies/atlantis-review-a-bleak-apocalypse-love-story.html,Atlantis Review
‘Preparations to Be Together’ Review: Mysteries of Love,https://www.nytimes.com/2021/01/21/movies/preparations-to-be-together-for-an-unknown-period-of-time-review.html,Preparations to Be Together Review
‘Your Name Engraved Herein’ Review: When Love Is All You Can See,https://www.nytimes.com/2020/12/24/movies/review-your-name-engraved-herein.html,Your Name Engraved Herein Review
"‘Sylvie’s Love’ Review: In the Mood for Romance, Sighs and Tears",https://www.nytimes.com/2020/12/22/movies/sylvies-love-review.html,Sylvie Review
"‘Ariana Grande: Excuse Me, I Love You’ Review: It’s Mutual",https://www.nytimes.com/2020/12/21/movies/review-ariana-grande-excuse-me-i-love-you.html,"Ariana Grande: Excuse Me, I Love You Review"
‘Museum Town’ Review: A Love Letter to Mass MoCA,https://www.nytimes.com/2020/12/17/movies/museum-town-review.html,Museum Town Review
‘Wild Mountain Thyme’ Review: Finding Love Down on the Farm,https://www.nytimes.com/2020/12/10/movies/wild-mountain-thyme-review.html,Wild Mountain Thyme Review
‘My Psychedelic Love Story’ Review: On the Run With Timothy Leary,https://www.nytimes.com/2020/11/26/movies/my-psychedelic-love-story-review.html,My Psychedelic Love Story Review
‘69: The Saga of Danny Hernandez’ Review: A SoundCloud-Rap Rat,https://www.nytimes.com/2020/11/17/movies/69-saga-of-danny-hernadez-review.html,69: The Saga of Danny Hernandez Review
‘Ammonite’ Review: Love on the Rocks,https://www.nytimes.com/2020/11/12/movies/ammonite-review.html,Ammonite Review
‘Love and Monsters’ Review: Coming-of-Age After the Apocalypse,https://www.nytimes.com/2020/10/15/movies/love-and-monsters-review.html,Love and Monsters Review
"‘Dick Johnson Is Dead’ Review: A Father’s Painful, Funny Goodbye",https://www.nytimes.com/2020/10/01/movies/dick-johnson-is-dead-review.html,Dick Johnson Is Dead Review
"‘Love, Guaranteed’ Review: Swiping Left on Online Dating",https://www.nytimes.com/2020/09/03/movies/love-guaranteed-review-swiping-left-on-online-dating.html,"Love, Guaranteed Review"
‘Feel the Beat’ Review: Tough Love in the Dance Studio,https://www.nytimes.com/2020/06/19/movies/feel-the-beat-review.html,Feel the Beat Review
"‘Babyteeth’ Review: Love Means Never Having, Well, You Know",https://www.nytimes.com/2020/06/18/movies/babyteeth-review.html,Babyteeth Review
‘Spelling the Dream’ Review: Words of Inspiration,https://www.nytimes.com/2020/06/03/movies/spelling-the-dream-review.html,Spelling the Dream Review
‘A Secret Love’ Review: A Lesbian Couple’s Enduring Affection,https://www.nytimes.com/2020/04/29/movies/a-secret-love-review.html,A Secret Love Review
‘Love Wedding Repeat’ Review: A Tumble Down the Aisle,https://www.nytimes.com/2020/04/10/movies/love-wedding-repeat-review-a-tumble-down-the-aisle.html,Love Wedding Repeat Review
"‘Almost Love’ Review: Schooled in Romance, but Missing Class",https://www.nytimes.com/2020/04/02/movies/almost-love-review.html,Almost Love Review
‘Hope Gap’ Review: A Thin Line Between Love and War,https://www.nytimes.com/2020/03/05/movies/hope-gap-review-a-thin-line-between-love-and-war.html,Hope Gap Review
‘All the Bright Places’ Review: Love Amid Trauma,https://www.nytimes.com/2020/02/28/movies/all-the-bright-places-review.html,All the Bright Places Review
‘The Photograph’ Review: An Unabashedly Old-School Love Story,https://www.nytimes.com/2020/02/13/movies/the-photograph-review.html,The Photograph Review
‘You Go to My Head’ Review: Untrue Love,https://www.nytimes.com/2020/02/13/movies/you-go-to-my-head-review.html,You Go to My Head Review
‘Ordinary Love’ Review: In Sickness and in Health,https://www.nytimes.com/2020/02/12/movies/ordinary-love-review.html,Ordinary Love Review
"‘To All the Boys: P.S. I Still Love You’ Review: Bliss, for Now",https://www.nytimes.com/2020/02/11/movies/to-all-the-boys-ps-i-still-love-you-review.html,To All the Boys: P.S. I Still Love You Review
‘The Woman Who Loves Giraffes’ Review: Crackers for Animals,https://www.nytimes.com/2020/01/09/movies/the-woman-who-loves-giraffes-review.html,The Woman Who Loves Giraffes Review
‘Queen & Slim’ Review: Love on the Run,https://www.nytimes.com/2019/11/26/movies/queen-and-slim-review.html,Queen & Slim Review
‘Marriage Story’ Review: Dance Me to the End of Love,https://www.nytimes.com/2019/11/05/movies/marriage-story-review.html,Marriage Story Review
"‘Cyrano, My Love’ Review: A Nose for Romance",https://www.nytimes.com/2019/10/17/movies/cyrano-my-love-review.html,"Cyrano, My Love Review"
"‘Pretenders’ Review: A Little New Wave Love, a Lot of Misogyny",https://www.nytimes.com/2019/10/03/movies/pretenders-review.html,Pretenders Review
‘First Love’ Review: Eluding Assassins With the Help of a Boxer,https://www.nytimes.com/2019/09/26/movies/first-love-review.html,First Love Review
"‘Loro’ Review: A Corrupt Leader, and the People Who Love Him",https://www.nytimes.com/2019/09/19/movies/loro-review.html,Loro Review
‘Falling Inn Love’ Review: A Prize That Needs Some Work,https://www.nytimes.com/2019/08/29/movies/falling-inn-love-review.html,Falling Inn Love Review
‘Hot Air’ Review: A Right-Wing Radio Host Learns to Love Again,https://www.nytimes.com/2019/08/22/movies/hot-air-review.html,Hot Air Review
"‘Love, Antosha’ Review: A Heartbreaking Look at an Actor’s Too-Short Life",https://www.nytimes.com/2019/08/08/movies/love-anthosa-review.html,"Love, Antosha Review"
‘Leto’ Review: Love and Rock in Leningrad,https://www.nytimes.com/2019/06/06/movies/leto-review.html,Leto Review
‘The Tomorrow Man’ Review: Love Among the Neuroses,https://www.nytimes.com/2019/05/21/movies/the-tomorrow-man-review.html,The Tomorrow Man Review
‘Asako I & II’ Review: Double the Love (and the Heartbreak),https://www.nytimes.com/2019/05/16/movies/asako-i-and-ii-review.html,Asako I & II Review
"‘The Sun Is Also a Star’ Review: A Charming, if Generic, Adolescent Love Story",https://www.nytimes.com/2019/05/15/movies/the-sun-is-also-a-star-review.html,The Sun Is Also a Star Review
‘Shéhérazade’ Review: Love in the Mean Streets of Marseille,https://www.nytimes.com/2019/05/10/movies/sheherazade-review.html,Shéhérazade Review
‘Long Shot’ Review: Charlize Theron and Seth Rogen Give Good Heart,https://www.nytimes.com/2019/05/02/movies/long-shot-review.html,Long Shot Review
‘Clara’ Review: Love Means Never Having to Say You’re Starry,https://www.nytimes.com/2019/05/02/movies/clara-review.html,Clara Review
‘Kalank’ Review: A Bollywood Love Story in the Shadow of Partition,https://www.nytimes.com/2019/04/19/movies/kalank-review.html,Kalank Review
"‘Rafiki’ Review: Falling in Love, Illegally",https://www.nytimes.com/2019/04/18/movies/rafiki-review.html,Rafiki Review
"‘Diane’ Review: A Vibrant Tale of Love, Sisterhood and Decline",https://www.nytimes.com/2019/03/28/movies/diane-review.html,Diane Review
‘Five Feet Apart’ Review: Ailing Teenagers Live Dangerously for Love,https://www.nytimes.com/2019/03/14/movies/five-feet-apart-review.html,Five Feet Apart Review
‘Ash Is Purest White’ Review: Love Smolders and Crime Pays in a Changing China,https://www.nytimes.com/2019/03/13/movies/ash-is-purest-white-review.html,Ash Is Purest White Review
‘Gloria Bell’ Review: Love Is in the Air for a Transcendent Julianne Moore,https://www.nytimes.com/2019/03/07/movies/gloria-bell-review.html,Gloria Bell Review
‘Black Mother’ Review: Exploring the Roots of Life Itself,https://www.nytimes.com/2019/03/06/movies/black-mother-review.html,Black Mother Review
‘The Hole in the Ground’ Review: A Horror Film Is Suffocated by a Mother’s Love,https://www.nytimes.com/2019/02/28/movies/the-hole-in-the-ground-review.html,The Hole in the Ground Review
‘How to Train Your Dragon: The Hidden World’ Review: A Series Scales Up,https://www.nytimes.com/2019/02/20/movies/how-to-train-your-dragon-hidden-world-review.html,How to Train Your Dragon: The Hidden World Review
‘A Tuba to Cuba’ Review: A New Orleans Jazz Band Makes a Caribbean Connection,https://www.nytimes.com/2019/02/14/movies/a-tuba-to-cuba-review.html,A Tuba to Cuba Review
"‘Fighting With My Family’ Review: They Body Slam You, Your Mum and Dad. Lovingly.",https://www.nytimes.com/2019/02/13/movies/fighting-with-my-family-review.html,Fighting With My Family Review
"‘Sorry Angel’ Review: A Love Affair Two Men Start, Knowing the End",https://www.nytimes.com/2019/02/12/movies/sorry-angel-review.html,Sorry Angel Review
"‘Berlin, I Love You’ Review: Many Stories, Not Much Feeling",https://www.nytimes.com/2019/02/07/movies/berlin-i-love-you-review.html,"Berlin, I Love You Review"
"‘Untogether’ Review: Adrift in Los Angeles, Looking for Love",https://www.nytimes.com/2019/02/07/movies/untogether-review.html,Untogether Review
‘Cold War’ Review: Love Without Borders,https://www.nytimes.com/2018/12/20/movies/cold-war-review.html,Cold War Review
‘If Beale Street Could Talk’ Review: Trusting Love in a World Ruled by Hate,https://www.nytimes.com/2018/12/12/movies/if-beale-street-could-talk-review.html,If Beale Street Could Talk Review
‘Asher’ Review: An Aging Hit Man Finds Love,https://www.nytimes.com/2018/12/06/movies/asher-review.html,Asher Review
‘The Party’s Just Beginning’ Review: Loss and Love in Inverness,https://www.nytimes.com/2018/12/06/movies/the-partys-just-beginning-review.html,The Party Review
‘The Great Pretender’ Review: Tedious Love Affairs in Artsy Brooklyn,https://www.nytimes.com/2018/12/06/movies/the-great-pretender-review.html,The Great Pretender Review
‘Sicilian Ghost Story’ Review: Fairy-Tale Love Meets Real-Life Crime,https://www.nytimes.com/2018/11/29/movies/sicilian-ghost-story-review.html,Sicilian Ghost Story Review
‘The New Romantic’ Review: Experiments With Love and Money,https://www.nytimes.com/2018/11/08/movies/the-new-romantic-review.html,The New Romantic Review
‘Pimp’ Review: Blaxploitation and Lesbian Love,https://www.nytimes.com/2018/11/08/movies/pimp-review.html,Pimp Review
‘In a Relationship’ Review: Two Couples at Opposite Stages of Love,https://www.nytimes.com/2018/11/08/movies/in-a-relationship-review.html,In a Relationship Review
Review: ‘They’ll Love Me When I’m Dead’ Documents Orson Welles’s Last Film,https://www.nytimes.com/2018/11/01/movies/theyll-love-me-when-im-dead-review-documentary.html,They Review
"Review: In ‘Burning,’ Love Ignites a Divided World",https://www.nytimes.com/2018/10/25/movies/burning-review.html,"Burning, Review"
"Review: In ‘After Everything,’ a Young Love Blooms in Crisis",https://www.nytimes.com/2018/10/11/movies/after-everything-review.html,"After Everything, Review"
Review: ‘Quincy’ Captures a Lifelong Love Affair With Music,https://www.nytimes.com/2018/09/20/movies/quincy-review-quincy-jones.html,Quincy Review
"Review: In ‘Love, Gilda,’ a Portrait of a Brief and Brilliant Career",https://www.nytimes.com/2018/09/20/movies/love-gilda-review-saturday-night-live-documentary.html,"Love, Gilda, Review"
"Review: In ‘Tea With the Dames,’ Four Legends Dish on Acting and Love",https://www.nytimes.com/2018/09/20/movies/tea-with-the-dames-review.html,"Tea With the Dames, Review"
"Review: In ‘Bel Canto,’ Music Is the Food of Love and Rebellion",https://www.nytimes.com/2018/09/13/movies/bel-canto-review-julianne-moore.html,"Bel Canto, Review"
"Review: In ‘The Citizen,’ an Immigrant Picks a Bad Time to Fall in Love",https://www.nytimes.com/2018/07/05/movies/the-citizen-review.html,"The Citizen, Review"
"Review: In ‘Love, Cecil,’ an Aesthete Ahead of His Time",https://www.nytimes.com/2018/06/28/movies/love-cecil-beaton-documentary-review.html,"Love, Cecil, Review"
Review: An Alien Teaches a Teenage Punk ‘How to Talk to Girls at Parties’,https://www.nytimes.com/2018/05/24/movies/how-to-talk-to-girls-at-parties-review.html,How to Talk to Girls at Parties Review
"Review: In ‘Rogers Park,’ Life and Love in a Chicago Neighborhood",https://www.nytimes.com/2018/04/26/movies/review-rogers-park.html,"Rogers Park, Review"
"Review: In ‘Love & Bananas,’ Uncovering the Plight of the Asian Elephant",https://www.nytimes.com/2018/04/26/movies/love-and-bananas-review-asian-elephants.html,"Love & Bananas, Review"
"Review: If You Love Godard, You’ll Hate-Watch ‘Godard Mon Amour’",https://www.nytimes.com/2018/04/18/movies/godard-mon-amour-review.html,"Review: If You Love Godard, You Review"
"Review: In ‘Submergence,’ a Love Story Sunk by Geopolitics",https://www.nytimes.com/2018/04/12/movies/submergence-review-wim-wenders.html,"Submergence, Review"
"Review: In ‘Love After Love,’ an Unflinching Look at Extended Grief",https://www.nytimes.com/2018/03/29/movies/love-after-love-review.html,"Love After Love, Review"
Review: On Parole and in Love in ‘Outside In’,https://www.nytimes.com/2018/03/29/movies/outside-in-review-jay-duplass-edie-falco.html,Outside In Review
"Review: In ‘Love, Simon,’ a Glossy Teen Romance, the Hero Has a Secret",https://www.nytimes.com/2018/03/15/movies/love-simon-review.html,"Love, Simon, Review"
"Review: In ‘Keep the Change,’ Two People With Autism Find Love",https://www.nytimes.com/2018/03/15/movies/keep-the-change-review.html,"Keep the Change, Review"
Review: A London Night Goes Wrong in ‘The Party’,https://www.nytimes.com/2018/02/15/movies/the-party-review-timothy-spall-kristin-scott-thomas.html,The Party Review
"Review: In ‘The Housemaid,’ Twisted Love and Angry Ghosts in Vietnam",https://www.nytimes.com/2018/02/15/movies/the-housemaid-review.html,"The Housemaid, Review"
"Review: In ‘Forever My Girl,’ a Romance Resumes After a Long Break",https://www.nytimes.com/2018/01/19/movies/forever-my-girl-review.html,"Forever My Girl, Review"
Review: ‘Kangaroo: A Love-Hate Story’ Exposes a Wildlife Massacre,https://www.nytimes.com/2018/01/18/movies/kangaroo-a-love-hate-story-review.html,Kangaroo: A Love-Hate Story Review
Review: A Man and a Woman (and Another Woman) in ‘Lover for a Day’,https://www.nytimes.com/2018/01/11/movies/lover-for-a-day-review-philippe-garrel.html,Lover for a Day Review
"Review: In ‘Youth,’ the People’s Dance Troupe, in Love and War",https://www.nytimes.com/2017/12/14/movies/youth-review.html,"Youth, Review"
Review: ‘Killing for Love’ Revisits a Virginia Murder Case,https://www.nytimes.com/2017/12/14/movies/killing-for-love-review.html,Killing for Love Review
Review: ‘The Shape of Water’ Is Altogether Wonderful,https://www.nytimes.com/2017/11/30/movies/the-shape-of-water-review-guillermo-del-toro.html,The Shape of Water Review
"Review: In ‘Love Beats Rhymes,’ a Hip-Hop Artist Transformed by Poetry",https://www.nytimes.com/2017/11/30/movies/love-beats-rhymes-azealia-banks-rza.html,"Love Beats Rhymes, Review"
Review: ‘Cuba and the Cameraman’ Lavishes Love on a Country … and Castro,https://www.nytimes.com/2017/11/23/movies/cuba-and-the-cameraman-review.html,Cuba and the Cameraman Review
Review: ‘On the Beach at Night Alone’ Zooms in on a Love Affair,https://www.nytimes.com/2017/11/16/movies/on-the-beach-at-night-alone-review-hong-sang-soo.html,On the Beach at Night Alone Review
"Review: In ‘Thelma,’ a Woman in Love Can Burn Down the World",https://www.nytimes.com/2017/11/09/movies/review-in-thelma-a-woman-in-love-can-burn-down-the-world.html,"Thelma, Review"
"Review: ‘Hello Again,’ a Movie Musical Ode to Love and Lust Over Decades",https://www.nytimes.com/2017/11/07/movies/hello-again-review.html,"Hello Again, Review"
"Review: ‘It Happened in L.A.,’ All That Questing After Love",https://www.nytimes.com/2017/11/02/movies/it-happened-in-la-review.html,"It Happened in L.A., Review"
"Review: Love Is Wild, if Not Pretty, in ‘God’s Own Country’",https://www.nytimes.com/2017/10/24/movies/gods-own-country-review.html,God Review
Review: Love in a Cold Climate in ‘The Mountain Between Us’,https://www.nytimes.com/2017/10/05/movies/the-mountain-between-us-review-kate-winslet-idris-elba.html,The Mountain Between Us Review
"Review: In the Documentary ‘Dina,’ a Differently Abled Love Story",https://www.nytimes.com/2017/10/05/movies/dina-review.html,"Dina, Review"
Review: Love of Il Maestro Drives ‘In Search of Fellini’,https://www.nytimes.com/2017/09/14/movies/in-search-of-fellini-review.html,In Search of Fellini Review
"Review: ‘Woodpeckers,’ a Tale of Love and Agonizing Penal Confinement",https://www.nytimes.com/2017/09/14/movies/woodpeckers-review.html,"Woodpeckers, Review"
"Review: In ‘I Do ... Until I Don’t,’ Love and Loathing in Florida",https://www.nytimes.com/2017/08/31/movies/i-do-until-i-dont-review.html,I Do ... Until I Don Review
Review: ‘Tales of an Immoral Couple’: Love Means Having to Grow Up,https://www.nytimes.com/2017/08/24/movies/tales-of-an-immoral-couple-review.html,Tales of an Immoral Couple Review
Review: Staying Together ‘After Love’ and Regretting Every Moment,https://www.nytimes.com/2017/08/08/movies/after-love-review.html,After Love Review
Review: Aid Workers in Love and War in Sean Penn’s ‘The Last Face’,https://www.nytimes.com/2017/07/27/movies/the-last-face-review-charlize-theron-sean-penn.html,Review: Aid Workers in Love and War in Sean Penn Review
"Review: She Hosts ‘Women Who Kill,’ and May Be in Love With One",https://www.nytimes.com/2017/07/25/movies/women-who-kill-review.html,"Women Who Kill, Review"
"Review: With ‘False Confessions,’ the Play’s Not Quite the Thing",https://www.nytimes.com/2017/07/13/movies/false-confessions-review-isabelle-huppert.html,"False Confessions, Review"
"Review: Those Movies, Himself — Bertrand Tavernier’s Tour of French Cinema",https://www.nytimes.com/2017/06/22/movies/my-journey-through-french-cinema-review-bertrand-tavernier.html,"Review: Those Movies, Himself — Bertrand Tavernier Review"
"Review: In ‘The Big Sick,’ Comedy Is Hard, Love Harder",https://www.nytimes.com/2017/06/22/movies/the-big-sick-review-kumail-nanjiani.html,"The Big Sick, Review"
Review: Finding Love (and Slapstick) While ‘Lost in Paris’,https://www.nytimes.com/2017/06/15/movies/lost-in-paris-review.html,Lost in Paris Review
"Review: In ‘Vincent N Roxxy,’ Love Is in the Air, N So Is Fear",https://www.nytimes.com/2017/06/01/movies/vincent-n-roxxy-review.html,"Vincent N Roxxy, Review"
"Review: ‘Everything, Everything’ Pits Love Against Disease",https://www.nytimes.com/2017/05/18/movies/everything-everything-review.html,"Everything, Everything Review"
Review: ‘Hounds of Love’ Is Tense and Deadly Down Under,https://www.nytimes.com/2017/05/11/movies/hounds-of-love-review.html,Hounds of Love Review
Review: ‘Harold and Lillian’ Introduces a Hollywood Power Couple,https://www.nytimes.com/2017/04/27/movies/harold-and-lillian-review.html,Harold and Lillian Review
"Review: In ‘The Happiest Day in the Life of Olli Maki,’ Love and Life on the Ropes",https://www.nytimes.com/2017/04/20/movies/the-happiest-day-in-the-life-of-olli-maki-review.html,"The Happiest Day in the Life of Olli Maki, Review"
Review: ‘The Promise’ Finds a Love Triangle in Constantinople,https://www.nytimes.com/2017/04/20/movies/the-promise-review-oscar-isaac.html,The Promise Review
"Review: ‘Frantz,’ a Mysterious Frenchman and the Wounds of War",https://www.nytimes.com/2017/03/14/movies/frantz-review.html,"Frantz, Review"
Review: A Combustible Pair Find Love in ‘The Other Half’,https://www.nytimes.com/2017/03/09/movies/the-other-half-review-tatiana-maslany.html,The Other Half Review
"Review: Love as the World Wars, in ‘The Ottoman Lieutenant’",https://www.nytimes.com/2017/03/09/movies/review-the-ottoman-lieutenant.html,The Ottoman Lieutenant Review
Review: It’s All Mirth and Taxes in ‘Love & Taxes’,https://www.nytimes.com/2017/03/02/movies/love-taxes-review.html,Review: It Review
"Review: ‘Everybody Loves Somebody,’ a Rom-Com With Bite",https://www.nytimes.com/2017/02/16/movies/everybody-loves-somebody-review.html,"Everybody Loves Somebody, Review"
"Review: Cute Cats of ‘Kedi,’ Rekindling a ‘Love of Life’",https://www.nytimes.com/2017/02/09/movies/kedi-review.html,"Kedi, Review"
